{"prod_company|vote_average": [0.4487883695853029, 10.668354897368522], "prod_company|vote_count": [20740.32898799314, 106699.12125248263], "prod_company|profit": [1428029630.034949, 9511154233.807024], "prod_company|rev_budget_ratio": [1984.1456002432185, 94191.57350114622], "writer|vote_average": [-0.06938705723231973, 6.475768683117582], "writer|vote_count": [11080.568162282963, 26244.503498267368], "writer|profit": [875935954.0886366, 2717950033.0740314], "writer|rev_budget_ratio": [1682.2327030091246, 83991.91105626336], "director|vote_average": [0.06802063404051828, 5.770254937359396], "director|vote_count": [9466.29387113672, 20567.215022609063], "director|profit": [762719283.4817607, 2211250563.383148], "director|rev_budget_ratio": [1695.6738540337337, 68691.93197750473], "cast|vote_average": [0.4935719715215528, 16.938832677947325], "cast|vote_count": [35009.501064352386, 80819.37673916346], "cast|profit": [2643438879.8517766, 6530267994.184139], "cast|rev_budget_ratio": [5954.2497391469415, 219452.24046692962], "others|vote_average": [1.1965452285139284, 15.639357915056054], "others|vote_count": [29864.254589733984, 63683.520245047606], "others|profit": [2067473586.9633102, 5851531335.231854], "others|rev_budget_ratio": [6652.776815869211, 234662.2839758212]}